name,id,type,is_security
ultralytics/ultralytics,8075,GH_DISCUSSIONS,0
NousResearch/Hermes-2-Pro-Llama-3-8B,13,HF_DISCUSSIONS,0
CausalLM/34b-beta,5,HF_DISCUSSIONS,0
jukofyork/creative-writing-control-vectors-v3.0,12,HF_DISCUSSIONS,0
mradermacher/BabyHercules-4x150M-GGUF,1,HF_DISCUSSIONS,0
ai-forever/ruGPT-3.5-13B,2,HF_DISCUSSIONS,0
THUDM/ChatGLM3,253,GH_DISCUSSIONS,0
OpenAssistant/oasst-sft-6-llama-30b-xor,3,HF_DISCUSSIONS,0
mradermacher/BabyHercules-4x150M-GGUF,2,HF_DISCUSSIONS,0
mradermacher/model_requests,426,HF_DISCUSSIONS,0
comfyanonymous/ComfyUI,4831,GH_DISCUSSIONS,0
microsoft/semantic-kernel,66,GH_DISCUSSIONS,1
MaziyarPanahi/calme-2.4-rys-78b,10,HF_DISCUSSIONS,0
codellama/CodeLlama-70b-Instruct-hf,13,HF_DISCUSSIONS,0
LoneStriker/Nous-Capybara-limarpv3-34B-3.0bpw-h6-exl2-2,1,HF_DISCUSSIONS,0
reeducator/vicuna-13b-cocktail,1,HF_DISCUSSIONS,0
TheBloke/Llama-2-7B-Chat-GGML,13,HF_DISCUSSIONS,0
BELLE-2/Belle-whisper-large-v3-turbo-zh,3,HF_DISCUSSIONS,0
Lewdiculous/SOVL_Llama3_8B-GGUF-IQ-Imatrix,3,HF_DISCUSSIONS,0
ultralytics/ultralytics,8112,GH_DISCUSSIONS,0
bartowski/Meta-Llama-3.1-8B-Instruct-GGUF,7,HF_DISCUSSIONS,1
brittlewis12/gorilla-openfunctions-v2-GGUF,1,HF_DISCUSSIONS,0
lllyasviel/stable-diffusion-webui-forge,981,GH_DISCUSSIONS,0
ml-explore/mlx,654,GH_DISCUSSIONS,0
gradientai/Llama-3-8B-Instruct-262k,20,HF_DISCUSSIONS,0
comfyanonymous/ComfyUI,476,GH_DISCUSSIONS,0
TheBloke/Qwen-14B-Chat-GPTQ,2,HF_DISCUSSIONS,0
Vageesh1/malcious_smart_contract_bc_succ,2,HF_DISCUSSIONS,0
miqudev/miqu-1-70b,11,HF_DISCUSSIONS,0
mradermacher/model_requests,164,HF_DISCUSSIONS,0
meta-llama/Llama-3.1-8B-Instruct,84,HF_DISCUSSIONS,0
lmsys/vicuna-33b-v1.3,2,HF_DISCUSSIONS,1
LAION-AI/Open-Assistant,3404,GH_DISCUSSIONS,1
nlpcloud/instruct-gpt-j-fp16,5,HF_DISCUSSIONS,1
Bing-su/adetailer,470,GH_DISCUSSIONS,1
THUDM/codegeex2-6b,1,HF_DISCUSSIONS,0
NVIDIA/NeMo,2127,GH_DISCUSSIONS,0
Undi95/Dawn-v2-70B-GGUF,3,HF_DISCUSSIONS,0
infiniflow/ragflow,1257,GH_DISCUSSIONS,1
google/paligemma-3b-pt-224,2,HF_DISCUSSIONS,0
miqudev/miqu-1-70b,32,HF_DISCUSSIONS,0
neonbjb/tortoise-tts,833,GH_DISCUSSIONS,1
microsoft/phi-2,62,HF_DISCUSSIONS,1
open-compass/opencompass,800,GH_DISCUSSIONS,0
google/jax,5199,GH_DISCUSSIONS,0
LoneStriker/Yi-34B-Spicyboros-3.1-4.0bpw-h6-exl2,1,HF_DISCUSSIONS,0
mistralai/Mistral-7B-Instruct-v0.2,93,HF_DISCUSSIONS,1
Lewdiculous/Model-Requests,77,HF_DISCUSSIONS,0
tiiuae/falcon-180B,9,HF_DISCUSSIONS,0
mindee/doctr,1739,GH_DISCUSSIONS,0
microsoft/onnxruntime,15309,GH_DISCUSSIONS,1
TheBloke/deepseek-coder-33B-instruct-GGUF,2,HF_DISCUSSIONS,1
BSC-LT/salamandra-2b-instruct,2,HF_DISCUSSIONS,1
google/flax,2109,GH_DISCUSSIONS,0
metercai/SimpleSDXL,94,GH_DISCUSSIONS,0
b4rtaz/distributed-llama,150,GH_DISCUSSIONS,0
sentence-transformers/all-MiniLM-L6-v2,71,HF_DISCUSSIONS,1
ZySec-AI/SecurityLLM,6,HF_DISCUSSIONS,0
cardiffnlp/twitter-roberta-base-sentiment-latest,14,HF_DISCUSSIONS,1
tiiuae/falcon-7b-instruct,85,HF_DISCUSSIONS,1
TheBloke/zephyr-7B-beta-GGUF,12,HF_DISCUSSIONS,1
ltdrdata/ComfyUI-Manager,1363,GH_DISCUSSIONS,1
intel/openvino-plugins-ai-audacity,274,GH_DISCUSSIONS,0
OpenAssistant/oasst-sft-6-llama-30b-xor,4,HF_DISCUSSIONS,0
mradermacher/model_requests,299,HF_DISCUSSIONS,0
comfyanonymous/ComfyUI,6264,GH_DISCUSSIONS,1
jinaai/jina-embeddings-v2-base-code,11,HF_DISCUSSIONS,1
ChaoticNeutrals/Eris_Floramix_DPO_7B,1,HF_DISCUSSIONS,0
meta-llama/Llama-3.1-8B-Instruct,60,HF_DISCUSSIONS,1
152334H/miqu-1-70b-sf,20,HF_DISCUSSIONS,0
guoyww/animatediff-motion-adapter-v1-5-2,3,HF_DISCUSSIONS,0
berkeley-nest/Starling-LM-7B-alpha,18,HF_DISCUSSIONS,1
gorilla-llm/gorilla-openfunctions-v2,7,HF_DISCUSSIONS,0
ultralytics/yolov5,10258,GH_DISCUSSIONS,0
prometheus/prometheus,10272,GH_DISCUSSIONS,1
Gryphe/Pantheon-RP-1.5-12b-Nemo,1,HF_DISCUSSIONS,0
microsoft/autogen,5136,GH_DISCUSSIONS,1
OuteAI/OuteTTS-0.1-350M,5,HF_DISCUSSIONS,1
mozilla-Ocho/llamafile,304,GH_DISCUSSIONS,0
cpacker/MemGPT,65,GH_DISCUSSIONS,0
cognitivecomputations/dolphin-2.0-mistral-7b,3,HF_DISCUSSIONS,1
Jovie/Artist_Schnell,1,HF_DISCUSSIONS,0
StephanST/WALDO30,2,HF_DISCUSSIONS,1
scvi-tools/human-lung-cell-atlas-scanvi,1,HF_DISCUSSIONS,0
barghavani/MITRE_cybersecurity,1,HF_DISCUSSIONS,0
pankajmathur/orca_mini_v2_7b,1,HF_DISCUSSIONS,0
segolilylabs/Lily-Cybersecurity-7B-v0.2,1,HF_DISCUSSIONS,0
facebookresearch/esm,627,GH_DISCUSSIONS,0
stabilityai/stable-diffusion-3-medium,151,HF_DISCUSSIONS,0
ultralytics/ultralytics,8489,GH_DISCUSSIONS,0
OpenPipe/OpenPipe,356,GH_DISCUSSIONS,0
Corianas/Microllama_Char_100k_step,2,HF_DISCUSSIONS,0
moreh/MoMo-72B-lora-1.8.6-DPO,7,HF_DISCUSSIONS,0
Delcos/Hentai-Diffusion,12,HF_DISCUSSIONS,1
reeducator/vicuna-13b-free,15,HF_DISCUSSIONS,0
TheBloke/Yi-34B-200K-GPTQ,1,HF_DISCUSSIONS,0
pulkitkumar13/dark-bert-finetuned-ner,1,HF_DISCUSSIONS,0
ymcki/Llama-3_1-Nemotron-51B-Instruct-GGUF,2,HF_DISCUSSIONS,0
Mozilla/Meta-Llama-3-8B-Instruct-llamafile,1,HF_DISCUSSIONS,1
microsoft/autogen,3844,GH_DISCUSSIONS,0
HuggingFaceTB/SmolLM-135M-Instruct,2,HF_DISCUSSIONS,0
bullerwins/Meta-Llama-3.1-8B-Instruct-GGUF,2,HF_DISCUSSIONS,1
dunzhang/stella_en_400M_v5,22,HF_DISCUSSIONS,1
CompVis/stable-diffusion,27,HF_DISCUSSIONS,0
k2-fsa/sherpa-onnx,887,GH_DISCUSSIONS,0
ShishirPatil/gorilla,457,GH_DISCUSSIONS,0
coqui/XTTS-v2,53,HF_DISCUSSIONS,1
ltdrdata/ComfyUI-Manager,1132,GH_DISCUSSIONS,1
NVIDIA/garak,902,GH_DISCUSSIONS,0
idiap/coqui-ai-TTS,105,GH_DISCUSSIONS,1
huihui-ai/Llama-3.3-70B-Instruct-abliterated,4,HF_DISCUSSIONS,0
Orenguteng/Llama-3-8B-Lexi-Uncensored,13,HF_DISCUSSIONS,0
mradermacher/model_requests,415,HF_DISCUSSIONS,0
mistralai/Mistral-7B-Instruct-v0.2,139,HF_DISCUSSIONS,1
Darkknight535/Moonlight-L3-15B-16k,1,HF_DISCUSSIONS,0
prometheus/prometheus,9640,GH_DISCUSSIONS,1
b4rtaz/distributed-llama,113,GH_DISCUSSIONS,0
minishlab/potion-base-8M,2,HF_DISCUSSIONS,1
codellama/CodeLlama-13b-Instruct-hf,13,HF_DISCUSSIONS,1
mudler/LocalAI,2059,GH_DISCUSSIONS,0
scikit-learn/scikit-learn,30484,GH_DISCUSSIONS,0
microsoft/onnxruntime-genai,636,GH_DISCUSSIONS,1
sarpba/F5-TTS-Hun,1,HF_DISCUSSIONS,0
Alpha-VLLM/Lumina-Next-T2I,1,HF_DISCUSSIONS,1
microsoft/onnxruntime-extensions,277,GH_DISCUSSIONS,0
plasmo/vox2,4,HF_DISCUSSIONS,0
byroneverson/glm-4-9b-chat-abliterated,1,HF_DISCUSSIONS,0
city96/HunyuanVideo-gguf,2,HF_DISCUSSIONS,1
prometheus/prometheus,13528,GH_DISCUSSIONS,1
ymcui/Chinese-LLaMA-Alpaca-2,446,GH_DISCUSSIONS,0
ooevg/ooevg_ig2,1,HF_DISCUSSIONS,0
pyannote/pyannote-audio,1401,GH_DISCUSSIONS,1
comfyanonymous/ComfyUI,5334,GH_DISCUSSIONS,1
microsoft/phi-2,26,HF_DISCUSSIONS,0
microsoft/phi-1_5,7,HF_DISCUSSIONS,0
mistralai/Mixtral-8x7B-Instruct-v0.1,202,HF_DISCUSSIONS,1
OuteAI/OuteTTS-0.1-350M,1,HF_DISCUSSIONS,1
HuggingFaceH4/zephyr-7b-alpha,12,HF_DISCUSSIONS,0
google/siglip-so400m-patch14-384,8,HF_DISCUSSIONS,1
BAAI/bge-m3,25,HF_DISCUSSIONS,0
michaelfeil/infinity,173,GH_DISCUSSIONS,1
huggingface/diffusers,7391,GH_DISCUSSIONS,0
abetlen/llama-cpp-python,1712,GH_DISCUSSIONS,1
prometheus/prometheus,15858,GH_DISCUSSIONS,1
teknium/GPT4-x-Alpaca13b-RolePlayLora-4bit-v2,3,HF_DISCUSSIONS,0
microsoft/autogen,1158,GH_DISCUSSIONS,0
jinaai/jina-embeddings-v2-base-en,29,HF_DISCUSSIONS,0
mistralai/Mixtral-8x7B-Instruct-v0.1,70,HF_DISCUSSIONS,1
ai21labs/AI21-Jamba-1.5-Mini,3,HF_DISCUSSIONS,0
34j/so-vits-svc-fork,312,GH_DISCUSSIONS,0
git-lfs/git-lfs,5833,GH_DISCUSSIONS,1
Nexusflow/Starling-LM-7B-beta,10,HF_DISCUSSIONS,0
basel/ATTACK-BERT,1,HF_DISCUSSIONS,0
qt8833/ai-comic-factory,41,HF_DISCUSSIONS,0
HPLT/hplt_bert_base_fr,1,HF_DISCUSSIONS,1
mozilla-Ocho/llamafile,572,GH_DISCUSSIONS,1
ltdrdata/ComfyUI-Manager,890,GH_DISCUSSIONS,1
ai4bharat/indictrans2-indic-indic-1B,2,HF_DISCUSSIONS,0
openbmb/MiniCPM-o-2_6,21,HF_DISCUSSIONS,0
cognitivecomputations/dolphin-2.9.4-llama3.1-8b,6,HF_DISCUSSIONS,0
ccdv/lsg-bert-base-uncased-4096,1,HF_DISCUSSIONS,0
lightonai/ArabicWeb24-ablation-model-v1,1,HF_DISCUSSIONS,0
mistralai/Mistral-Small-Instruct-2409,10,HF_DISCUSSIONS,1
BSC-LT/salamandra-2b,1,HF_DISCUSSIONS,1
snakers4/silero-models,239,GH_DISCUSSIONS,1
cardiffnlp/twitter-roberta-base-sentiment-latest,21,HF_DISCUSSIONS,1
abetlen/llama-cpp-python,128,GH_DISCUSSIONS,0
stabilityai/stable-audio-open-1.0,29,HF_DISCUSSIONS,0
comfyanonymous/ComfyUI,5668,GH_DISCUSSIONS,0
textattack/bert-base-uncased-SST-2,3,HF_DISCUSSIONS,1
anthracite-org/magnum-v1-72b,9,HF_DISCUSSIONS,0
facebookresearch/faiss,3581,GH_DISCUSSIONS,1
LoneStriker/Mixtral-Fusion-4x7B-Instruct-v0.1-4.0bpw-h6-exl2-2,1,HF_DISCUSSIONS,0
cpacker/MemGPT,66,GH_DISCUSSIONS,0
meta-llama/Meta-Llama-3-8B,208,HF_DISCUSSIONS,0
NVIDIA/garak,253,GH_DISCUSSIONS,1
distilbert/distilbert-base-uncased-finetuned-sst-2-english,33,HF_DISCUSSIONS,1
TheBloke/Yarn-Mistral-7B-128k-GGUF,2,HF_DISCUSSIONS,0
taide/Llama3-TAIDE-LX-8B-Chat-Alpha1-4bit,3,HF_DISCUSSIONS,0
dkounadis/artificial-styletts2,1,HF_DISCUSSIONS,0
Qwen/Qwen2.5-7B-Instruct,3,HF_DISCUSSIONS,0
oliverguhr/german-sentiment-bert,1,HF_DISCUSSIONS,0
huggingface/diffusers,9892,GH_DISCUSSIONS,1
Mozilla/llava-v1.5-7b-llamafile,7,HF_DISCUSSIONS,1
b4rtaz/distributed-llama,9,GH_DISCUSSIONS,0
voicepaw/so-vits-svc-fork,312,GH_DISCUSSIONS,0
synthetichealth/synthea,1145,GH_DISCUSSIONS,1
urchade/GLiNER,174,GH_DISCUSSIONS,0
google/gemma-7b-it,97,HF_DISCUSSIONS,0
NVIDIA/garak,224,GH_DISCUSSIONS,1
openvinotoolkit/nncf,2667,GH_DISCUSSIONS,1
jax-ml/jax,14404,GH_DISCUSSIONS,0
gorilla-llm/gorilla-openfunctions-v2,6,HF_DISCUSSIONS,0
openvinotoolkit/openvino,16227,GH_DISCUSSIONS,0
keras-team/keras-hub,1393,GH_DISCUSSIONS,0
comfyanonymous/ComfyUI,5332,GH_DISCUSSIONS,0
scikit-learn/scikit-learn,28127,GH_DISCUSSIONS,0
ISTA-DASLab/AQLM-executorch,1,HF_DISCUSSIONS,1
synthetichealth/synthea,1539,GH_DISCUSSIONS,0
TheLastBen/fast-stable-diffusion,2128,GH_DISCUSSIONS,1
stabilityai/stable-diffusion-xl-base-1.0,100,HF_DISCUSSIONS,1
synthetichealth/synthea,1370,GH_DISCUSSIONS,0
mistralai/Mistral-7B-Instruct-v0.3,68,HF_DISCUSSIONS,1
stabilityai/stable-diffusion-3-medium,195,HF_DISCUSSIONS,1
isaacwilliam4/insyt,1,HF_DISCUSSIONS,0
dunzhang/stella_en_1.5B_v5,8,HF_DISCUSSIONS,0
sudipadhikari/cybersecurity_ner-v2,2,HF_DISCUSSIONS,0
TheBloke/GPT4All-13B-snoozy-GGML,1,HF_DISCUSSIONS,0
georgesung/llama2_7b_chat_uncensored,9,HF_DISCUSSIONS,0
rootxhacker/CodeAstra-7B,1,HF_DISCUSSIONS,0
meta-llama/Llama-3.1-8B-Instruct,107,HF_DISCUSSIONS,1
TheBritishLibrary/bl-books-genre,4,HF_DISCUSSIONS,1
intel/openvino-plugins-ai-audacity,75,GH_DISCUSSIONS,0
abetlen/llama-cpp-python,1734,GH_DISCUSSIONS,0
google/gemma-2b,28,HF_DISCUSSIONS,0
failspy/Phi-3-medium-4k-instruct-abliterated-v3-GGUF,2,HF_DISCUSSIONS,0
mindee/doctr,1780,GH_DISCUSSIONS,0
prometheus/prometheus,15430,GH_DISCUSSIONS,1
ModelCloud/gemma-2-9b-it-gptq-4bit,3,HF_DISCUSSIONS,0
deepseek-ai/deepseek-coder-6.7b-instruct,9,HF_DISCUSSIONS,0
pyg-team/pytorch_geometric,9796,GH_DISCUSSIONS,0
CohereForAI/aya-expanse-8b,17,HF_DISCUSSIONS,0
ZySec-AI/SecurityLLM,1,HF_DISCUSSIONS,0
WhiteRabbitNeo/WhiteRabbitNeo-13B-v1,1,HF_DISCUSSIONS,0
fathyshalab/massive_calendar-roberta-large-v1-3-93,1,HF_DISCUSSIONS,0
prometheus/prometheus,13960,GH_DISCUSSIONS,1
microsoft/semantic-kernel,10345,GH_DISCUSSIONS,1
Keltezaa/jennifer-lawrence-flux,1,HF_DISCUSSIONS,0
migtissera/Tess-3-Llama-3.1-70B,4,HF_DISCUSSIONS,0
OpenAccess-AI-Collective/axolotl,1595,GH_DISCUSSIONS,0
castorini/pyserini,1742,GH_DISCUSSIONS,0
b4rtaz/distributed-llama,147,GH_DISCUSSIONS,0
castorini/pyserini,1008,GH_DISCUSSIONS,0
prometheus/prometheus,13600,GH_DISCUSSIONS,1
PrunaAI/FLUX.1-schnell-4bit,4,HF_DISCUSSIONS,1
mudler/LocalAI,3887,GH_DISCUSSIONS,1
NikolayKozloff/Vikhr-Gemma-2B-instruct-Q8_0-GGUF,1,HF_DISCUSSIONS,0
leondz/garak,224,GH_DISCUSSIONS,1
ltdrdata/ComfyUI-Manager,1245,GH_DISCUSSIONS,1
duskfallcrew/HuggingFace_Backup,37,GH_DISCUSSIONS,1
snakers4/silero-models,225,GH_DISCUSSIONS,1
kukuhtw/myflux,7,HF_DISCUSSIONS,0
briaai/BRIA-2.3-ControlNet-Generative-Fill,1,HF_DISCUSSIONS,1
IDEA-CCNL/Ziya-LLaMA-13B-v1.1,3,HF_DISCUSSIONS,0
codellama/CodeLlama-70b-Instruct-hf,22,HF_DISCUSSIONS,0
leondz/garak,189,GH_DISCUSSIONS,0
cognitivecomputations/WizardLM-1.0-Uncensored-Llama2-13b,5,HF_DISCUSSIONS,0
TheBloke/Nous-Hermes-13B-GPTQ,6,HF_DISCUSSIONS,1
snakers4/silero-models,224,GH_DISCUSSIONS,1
SciSharp/LLamaSharp,946,GH_DISCUSSIONS,0
openai/whisper-large-v3,36,HF_DISCUSSIONS,1
b4rtaz/distributed-llama,6,GH_DISCUSSIONS,0
mozilla-Ocho/llamafile,574,GH_DISCUSSIONS,0
nagadomi/nunif,108,GH_DISCUSSIONS,0
mistralai/Mistral-7B-Instruct-v0.2,71,HF_DISCUSSIONS,1
intfloat/multilingual-e5-base,19,HF_DISCUSSIONS,1
TriadParty/deepsex-34b,8,HF_DISCUSSIONS,1
allenai/PRIMERA-multinews,7,HF_DISCUSSIONS,0
microsoft/semantic-kernel,10029,GH_DISCUSSIONS,1
mistralai/Mistral-7B-v0.1,170,HF_DISCUSSIONS,0
taide/Llama3-TAIDE-LX-8B-Chat-Alpha1,4,HF_DISCUSSIONS,0
Mozilla-Ocho/llamafile,680,GH_DISCUSSIONS,0
Dijitaal/DijiHax.Spooky.Pi,2,HF_DISCUSSIONS,0
comfyanonymous/ComfyUI,6520,GH_DISCUSSIONS,0
TuGraph-family/tugraph-db,145,GH_DISCUSSIONS,0
langchain-ai/langchain,24562,GH_DISCUSSIONS,1
ltdrdata/ComfyUI-Manager,840,GH_DISCUSSIONS,0
embeddings-benchmark/mteb,1277,GH_DISCUSSIONS,0
git-lfs/git-lfs,5750,GH_DISCUSSIONS,0
SG161222/Realistic_Vision_V2.0,10,HF_DISCUSSIONS,0
vllm-project/vllm,11757,GH_DISCUSSIONS,1
lxyuan/distilbert-base-multilingual-cased-sentiments-student,5,HF_DISCUSSIONS,1
leondz/garak,1048,GH_DISCUSSIONS,1
leondz/garak,902,GH_DISCUSSIONS,0
microsoft/autogen,4665,GH_DISCUSSIONS,1
infiniflow/ragflow,1256,GH_DISCUSSIONS,0
stabilityai/stable-diffusion-xl-base-1.0,97,HF_DISCUSSIONS,0
chat2db/Chat2DB,710,GH_DISCUSSIONS,1
leondz/garak,253,GH_DISCUSSIONS,1
meta-llama/Llama-Guard-3-8B,12,HF_DISCUSSIONS,0
lxyuan/distilbert-base-multilingual-cased-sentiments-student,6,HF_DISCUSSIONS,1
TheBloke/Wizard-Vicuna-7B-Uncensored-AWQ,1,HF_DISCUSSIONS,0
CyberPeace-Institute/SecureBERT-NER,4,HF_DISCUSSIONS,0
transfo-xl/transfo-xl-wt103,3,HF_DISCUSSIONS,1
comfyanonymous/ComfyUI,5165,GH_DISCUSSIONS,1
microsoft/DeepSpeed,3964,GH_DISCUSSIONS,0
LoneStriker/Truthful_DPO_TomGrc_FusionNet_7Bx2_MoE_13B-6.0bpw-h6-exl2,1,HF_DISCUSSIONS,0
comfyanonymous/ComfyUI,5612,GH_DISCUSSIONS,0
tiiuae/falcon-7b,21,HF_DISCUSSIONS,1
Mozilla/rocket-3B-llamafile,1,HF_DISCUSSIONS,0
qt8833/ai-comic-factory,40,HF_DISCUSSIONS,0
cgato/TheSpice-7b-v0.1.1,1,HF_DISCUSSIONS,1
bigcode/starpii,3,HF_DISCUSSIONS,1
meta-llama/Meta-Llama-3-8B,119,HF_DISCUSSIONS,0
Linaqruf/anything-v3.0,34,HF_DISCUSSIONS,0
qt8833/ai-comic-factory,39,HF_DISCUSSIONS,0
mkiani/gpt2-system,1,HF_DISCUSSIONS,1
leondz/garak,1104,GH_DISCUSSIONS,1
Phind/Phind-CodeLlama-34B-v2,15,HF_DISCUSSIONS,0
AcuteShrewdSecurity/Llama-Phishsense-1B,1,HF_DISCUSSIONS,0
ZySec-AI/SecurityLLM,2,HF_DISCUSSIONS,0
Svngoku/ancient-africans,17,HF_DISCUSSIONS,0
w-okada/voice-changer,1447,GH_DISCUSSIONS,1
Trelis/deepseek-coder-1.3b-instruct-function-calling-v2,1,HF_DISCUSSIONS,0
TheBloke/deepseek-coder-1.3b-instruct-GGUF,1,HF_DISCUSSIONS,0
sgl-project/sglang,2793,GH_DISCUSSIONS,0
infiniflow/ragflow,4580,GH_DISCUSSIONS,1
deepseek-ai/deepseek-coder-33b-instruct,23,HF_DISCUSSIONS,1
fishaudio/fish-speech,576,GH_DISCUSSIONS,0
internLM/OpenCompass,1414,GH_DISCUSSIONS,0
fish-shell/fish-shell,9581,GH_DISCUSSIONS,0
lichorosario/flux-lora-tosti-vector-full-captions,29,HF_DISCUSSIONS,0
NVIDIA/garak,1048,GH_DISCUSSIONS,1
softwareweaver/Twilight-Large-123B,1,HF_DISCUSSIONS,0
vtriple/Llama-3.1-8B-yara,1,HF_DISCUSSIONS,0
huggingface/text-generation-inference,1412,GH_DISCUSSIONS,1
fish-shell/fish-shell,9043,GH_DISCUSSIONS,0
openvinotoolkit/openvino,24013,GH_DISCUSSIONS,0
castorini/pyserini,1240,GH_DISCUSSIONS,0
mudler/LocalAI,4783,GH_DISCUSSIONS,1
Mikubill/sd-webui-controlnet,1745,GH_DISCUSSIONS,1
castorini/pyserini,1741,GH_DISCUSSIONS,1
keras-team/keras-nlp,1393,GH_DISCUSSIONS,1
castorini/pyserini,1824,GH_DISCUSSIONS,0
w8ay/secgpt1_5,1,HF_DISCUSSIONS,0
timdettmers/guanaco-65b,3,HF_DISCUSSIONS,1
NVIDIA/garak,189,GH_DISCUSSIONS,0
microsoft/onnxruntime,22105,GH_DISCUSSIONS,1
rocca/openai-clip-js,1,HF_DISCUSSIONS,1
huggingface/diffusers,7656,GH_DISCUSSIONS,0
ACEsuit/mace,612,GH_DISCUSSIONS,0
deepseek-ai/deepseek-coder-6.7b-instruct,8,HF_DISCUSSIONS,0
Alibaba-NLP/gte-multilingual-base,22,HF_DISCUSSIONS,1
ai-forever/Kandinsky_2.0,4,HF_DISCUSSIONS,0
jax-ml/jax,5199,GH_DISCUSSIONS,0
jax-ml/jax,23319,GH_DISCUSSIONS,0
kohya-ss/sd-scripts,313,GH_DISCUSSIONS,1
distilbert/distilbert-base-uncased-finetuned-sst-2-english,30,HF_DISCUSSIONS,1
AIML-TUDA/LlavaGuard-7B,1,HF_DISCUSSIONS,0
langchain-ai/langchain,29385,GH_DISCUSSIONS,0
AGBonnet/medinote-7b,3,HF_DISCUSSIONS,1
castorini/pyserini,2034,GH_DISCUSSIONS,0
databricks/dolly-v2-3b,1,HF_DISCUSSIONS,1
OpenGVLab/InternVideo2-Stage2_1B-224p-f4,1,HF_DISCUSSIONS,1
cardiffnlp/twitter-roberta-base-sentiment-latest,33,HF_DISCUSSIONS,1
microsoft/guidance,923,GH_DISCUSSIONS,0
langchain-ai/langchain,27527,GH_DISCUSSIONS,1
stanfordnlp/CoreNLP,1429,GH_DISCUSSIONS,1
synthetichealth/synthea,1167,GH_DISCUSSIONS,0
google/jax,15417,GH_DISCUSSIONS,1
OuteAI/OuteTTS-0.2-500M,3,HF_DISCUSSIONS,0
allenai/allennlp,5301,GH_DISCUSSIONS,0
WhiteRabbitNeo/WhiteRabbitNeo-13B-v1,5,HF_DISCUSSIONS,0
cognitivecomputations/dolphin-2.5-mixtral-8x7b,12,HF_DISCUSSIONS,0
CyberNative-AI/Colibri_8b_v0.1,1,HF_DISCUSSIONS,0
tjake/jlama,65,GH_DISCUSSIONS,0
cerebras/btlm-3b-8k-base,25,HF_DISCUSSIONS,0
PatronusAI/glider,3,HF_DISCUSSIONS,0
NVIDIA/garak,1104,GH_DISCUSSIONS,1
segolilylabs/Lily-Cybersecurity-7B-v0.2,2,HF_DISCUSSIONS,0
ali-vilab/text-to-video-ms-1.7b,18,HF_DISCUSSIONS,0
comfyanonymous/ComfyUI,6400,GH_DISCUSSIONS,1
stabilityai/stable-diffusion-xl-1.0-tensorrt,7,HF_DISCUSSIONS,1
w-okada/voice-changer,1115,GH_DISCUSSIONS,0
prometheus/prometheus,15241,GH_DISCUSSIONS,1
aws-neuron/optimum-neuron-cache,183,HF_DISCUSSIONS,0
axolotl-ai-cloud/axolotl,1595,GH_DISCUSSIONS,0
immersive-translate/immersive-translate,1380,GH_DISCUSSIONS,0
black-forest-labs/FLUX.1-dev,385,HF_DISCUSSIONS,0
Ray2333/GRM-llama3-8B-sftreg,1,HF_DISCUSSIONS,0
sweepai/sweep,1237,GH_DISCUSSIONS,0
git-lfs/git-lfs,5965,GH_DISCUSSIONS,1
jax-ml/jax,15417,GH_DISCUSSIONS,1
G-reen/gpt5o-reflexion-q-agi-llama-3.1-8b,20,HF_DISCUSSIONS,0
huggingface/text-generation-inference,1548,GH_DISCUSSIONS,1
heshengtao/comfyui_LLM_party,127,GH_DISCUSSIONS,0
ACEsuit/mace,684,GH_DISCUSSIONS,0
espnet/espnet,4758,GH_DISCUSSIONS,0
fish-shell/fish-shell,10747,GH_DISCUSSIONS,0
google/jax,14404,GH_DISCUSSIONS,0
ThisIs-Developer/Llama-2-GGML-Medical-Chatbot,47,GH_DISCUSSIONS,1
DS4SD/docling,459,GH_DISCUSSIONS,1
google/gemma-2-2b-it,21,HF_DISCUSSIONS,1
dkounadis/artificial-styletts2,2,HF_DISCUSSIONS,0
urchade/gliner_multi_pii-v1,3,HF_DISCUSSIONS,0
facebookresearch/esm,665,GH_DISCUSSIONS,1
MaartenGr/BERTopic,2219,GH_DISCUSSIONS,1
FacebookAI/roberta-large,4,HF_DISCUSSIONS,1
castorini/pyserini,1743,GH_DISCUSSIONS,0
SG161222/Realistic_Vision_V1.4,7,HF_DISCUSSIONS,0
google/jax,23319,GH_DISCUSSIONS,0
cognitivecomputations/samantha-1.2-mistral-7b,3,HF_DISCUSSIONS,0
TehVenom/WizardLM-13B-Uncensored-Q5_1-GGML,5,HF_DISCUSSIONS,0
lindaclara22/Sentiment-analysis-distillbert-base-uncased-model,1,HF_DISCUSSIONS,0
taide/Llama3-TAIDE-LX-8B-Chat-Alpha1,2,HF_DISCUSSIONS,0
DominikDoom/a1111-sd-webui-tagcomplete,134,GH_DISCUSSIONS,1
b4rtaz/distributed-llama,7,GH_DISCUSSIONS,0
vllm-project/vllm,12490,GH_DISCUSSIONS,0
langchain-ai/langchain,29457,GH_DISCUSSIONS,0
TheLastBen/fast-stable-diffusion,2544,GH_DISCUSSIONS,0
git-lfs/git-lfs,5312,GH_DISCUSSIONS,1
b4rtaz/distributed-llama,5,GH_DISCUSSIONS,0
m-a-p/OpenCodeInterpreter-DS-6.7B,12,HF_DISCUSSIONS,0
svc-develop-team/so-vits-svc,349,GH_DISCUSSIONS,0
mlx-community/CodeLlama-70b-Instruct-hf-4bit-MLX,3,HF_DISCUSSIONS,0
open-compass/opencompass,1414,GH_DISCUSSIONS,0
b4rtaz/distributed-llama,3,GH_DISCUSSIONS,0
coqui-ai/STT,2337,GH_DISCUSSIONS,1
Bing-su/adetailer,476,GH_DISCUSSIONS,1
playboy40k/flux-JoeyKingLora,4,HF_DISCUSSIONS,0
lichorosario/flux-lora-gliff-tosti-vector-no-captions-2500s,39,HF_DISCUSSIONS,0
lllyasviel/Fooocus,3864,GH_DISCUSSIONS,0
microsoft/semantic-kernel,9983,GH_DISCUSSIONS,0
castorini/pyserini,1931,GH_DISCUSSIONS,0
NaClO74/MIH_Entrance,1,HF_DISCUSSIONS,0
PaddlePaddle/PaddleOCR,14256,GH_DISCUSSIONS,0
prometheus/prometheus,14735,GH_DISCUSSIONS,0
allenai/Molmo-7B-D-0924,24,HF_DISCUSSIONS,0
nuprl/MultiPL-E,61,GH_DISCUSSIONS,1
G-reen/gpt5o-reflexion-q-agi-llama-3.1-8b,9,HF_DISCUSSIONS,0
git-lfs/git-lfs,5287,GH_DISCUSSIONS,1
cardiffnlp/twitter-roberta-base-sentiment-latest,32,HF_DISCUSSIONS,1
hkunlp/instructor-xl,6,HF_DISCUSSIONS,1
TheLastBen/fast-stable-diffusion,525,GH_DISCUSSIONS,1
cardiffnlp/twitter-roberta-base-sentiment-latest,31,HF_DISCUSSIONS,1
abetlen/llama-cpp-python,1711,GH_DISCUSSIONS,1
urchade/GLiNER,172,GH_DISCUSSIONS,0
parthasarathydNU/gen-ai-coursework,10,GH_DISCUSSIONS,0
comfyanonymous/ComfyUI,5301,GH_DISCUSSIONS,1
ACEsuit/mace,744,GH_DISCUSSIONS,1
immersive-translate/immersive-translate,2098,GH_DISCUSSIONS,0
openai/openai-python,1455,GH_DISCUSSIONS,1
black-forest-labs/FLUX.1-schnell,122,HF_DISCUSSIONS,0
ProsusAI/finbert,19,HF_DISCUSSIONS,1
abetlen/llama-cpp-python,1044,GH_DISCUSSIONS,0
segolilylabs/Lily-Cybersecurity-7B-v0.2-GGUF,1,HF_DISCUSSIONS,0
TheBloke/Synthia-34B-v1.2-GPTQ,1,HF_DISCUSSIONS,0
nateraw/bert-base-uncased-emotion,2,HF_DISCUSSIONS,1
distilbert/distilbert-base-uncased-finetuned-sst-2-english,29,HF_DISCUSSIONS,1
Panchovix/stable-diffusion-webui-reForge,256,GH_DISCUSSIONS,1
internLM/OpenCompass,800,GH_DISCUSSIONS,0
fishaudio/Bert-VITS2,377,GH_DISCUSSIONS,0
mrm8488/distilroberta-finetuned-financial-news-sentiment-analysis,6,HF_DISCUSSIONS,1
jtorregrosa/watercolour-lora-flux,8,HF_DISCUSSIONS,0
microsoft/OmniParser,7,HF_DISCUSSIONS,0
keras-team/keras,20464,GH_DISCUSSIONS,1
rsvp-ai/bertserini-bert-base-squad,5,HF_DISCUSSIONS,0
Jovie/Midjourney,15,HF_DISCUSSIONS,0
dagbs/dolphin-2.8-experiment26-7b-preview-GGUF,1,HF_DISCUSSIONS,0
synthetichealth/synthea,1263,GH_DISCUSSIONS,1
Phind/Phind-CodeLlama-34B-v2,17,HF_DISCUSSIONS,0
jarradh/llama2_70b_chat_uncensored,8,HF_DISCUSSIONS,0
microsoft/phi-4,30,HF_DISCUSSIONS,0
Rajukhan1/Swiftsendsms,4,HF_DISCUSSIONS,0
mudler/LocalAI,2446,GH_DISCUSSIONS,1
cardiffnlp/twitter-roberta-base-sentiment-latest,23,HF_DISCUSSIONS,1
cardiffnlp/twitter-roberta-base-sentiment-latest,22,HF_DISCUSSIONS,1
HooshvareLab/bert-fa-base-uncased-sentiment-deepsentipers-binary,2,HF_DISCUSSIONS,1
danielgatis/rembg,697,GH_DISCUSSIONS,1
UKPLab/sentence-transformers,2258,GH_ISSUES,1
UKPLab/sentence-transformers,1745,GH_ISSUES,1
huggingface/transformers,29256,GH_ISSUES,1
huggingface/transformers,21973,GH_ISSUES,1
oobabooga/text-generation-webui,6574,GH_ISSUES,1
QwenLM/Qwen2,1180,GH_ISSUES,1
h2oai/h2o-llmstudio,633,GH_ISSUES,1
google-research/google-research,180,GH_ISSUES,1
microsoft/unilm,985,GH_ISSUES,1
microsoft/unilm,950,GH_ISSUES,1
microsoft/unilm,888,GH_ISSUES,1
vllm-project/vllm,8353,GH_ISSUES,1
openai/whisper,2041,GH_ISSUES,1
google/sentencepiece,445,GH_ISSUES,1
deepseek-ai/deepseek-coder,602,GH_ISSUES,1
flairNLP/flair,2956,GH_ISSUES,1
flairNLP/flair,2656,GH_ISSUES,1
gradio-app/gradio,10110,GH_ISSUES,1
facebookresearch/voxpopuli,40,GH_ISSUES,1
ultralytics/yolov5,7703,GH_ISSUES,1
intel/neural-compressor,126,GH_ISSUES,1
neuralmagic/sparseml,1079,GH_ISSUES,1
deepset-ai/haystack,8691,GH_ISSUES,1
deepset-ai/haystack,7336,GH_ISSUES,1
pytorch/vision,7039,GH_ISSUES,1
pytorch/pytorch,139045,GH_ISSUES,1
pytorch/pytorch,134664,GH_ISSUES,1
pytorch/pytorch,129876,GH_ISSUES,1
pytorch/pytorch,126869,GH_ISSUES,1
pytorch/pytorch,120530,GH_ISSUES,1
pytorch/pytorch,118128,GH_ISSUES,1
pytorch/pytorch,112876,GH_ISSUES,1
pytorch/pytorch,86064,GH_ISSUES,1
pytorch/pytorch,32147,GH_ISSUES,1
OpenCodeInterpreter/OpenCodeInterpreter,30,GH_ISSUES,1
AUTOMATIC1111/stable-diffusion-webui,16715,GH_ISSUES,1
AUTOMATIC1111/stable-diffusion-webui,15009,GH_ISSUES,1
NVlabs/SegFormer,109,GH_ISSUES,1
mesolitica/malaya,138,GH_ISSUES,1
openai/triton,489,GH_ISSUES,1
deepseek-ai/DeepSeek-Coder,602,GH_ISSUES,1
google-research/electra,135,GH_ISSUES,1
PaddlePaddle/PaddleNLP,7264,GH_ISSUES,1
PaddlePaddle/PaddleNLP,7248,GH_ISSUES,1
PaddlePaddle/PaddleNLP,4040,GH_ISSUES,1
Muennighoff/sgpt,12,GH_ISSUES,1
kpu/kenlm,267,GH_ISSUES,1
scikit-learn/scikit-learn,20922,GH_ISSUES,1
ultralytics/ultralytics,6138,GH_ISSUES,1
ultralytics/ultralytics,2884,GH_ISSUES,1
ultralytics/ultralytics,888,GH_ISSUES,1
tensorflow/models,10546,GH_ISSUES,1
nomic-ai/gpt4all,2427,GH_ISSUES,1
ollama/ollama,8724,GH_ISSUES,1
ollama/ollama,8020,GH_ISSUES,1
ollama/ollama,5774,GH_ISSUES,1
ollama/ollama,5757,GH_ISSUES,1
microsoft/DeepSpeed,2605,GH_ISSUES,1
neuml/txtai,374,GH_ISSUES,1
microsoft/onnxruntime,23361,GH_ISSUES,1
microsoft/onnxruntime,10733,GH_ISSUES,1
PaddlePaddle/PaddleClas,2425,GH_ISSUES,1
allenai/longformer,246,GH_ISSUES,1
huawei-noah/Pretrained-Language-Model,218,GH_ISSUES,1
RVC-Project/Retrieval-based-Voice-Conversion-WebUI,2447,GH_ISSUES,1
LAION-AI/Open-Assistant,3546,GH_ISSUES,1
shibing624/pycorrector,330,GH_ISSUES,1
h2oai/h2ogpt,1491,GH_ISSUES,1
huseinzol05/malaya,138,GH_ISSUES,1
IBM/text-generation-inference,109,GH_ISSUES,1
IBM/text-generation-inference,71,GH_ISSUES,1
snap-research/EfficientFormer,27,GH_ISSUES,1
stanfordnlp/CoreNLP,1329,GH_ISSUES,1
stanfordnlp/CoreNLP,1324,GH_ISSUES,1
open-mmlab/mmdetection,11822,GH_ISSUES,1
huawei-noah/noah-research,128,GH_ISSUES,1
microsoft/DeepSpeedExamples,232,GH_ISSUES,1
NVIDIA/Cosmos,88,GH_ISSUES,1
NVIDIA/apex,1552,GH_ISSUES,1
sail-sg/poolformer,41,GH_ISSUES,1
salrowili/BioM-Transformers,2,GH_ISSUES,1
monologg/KoELECTRA,42,GH_ISSUES,1
ViTAE-Transformer/ViTPose,40,GH_ISSUES,1
keras-team/keras,19213,GH_ISSUES,1
keras-team/keras,18761,GH_ISSUES,1
deepinsight/insightface,2380,GH_ISSUES,1
deepinsight/insightface,2167,GH_ISSUES,1
aub-mind/arabert,177,GH_ISSUES,1
allenai/allennlp,5725,GH_ISSUES,1
aws/deep-learning-containers,4371,GH_ISSUES,1
aws/deep-learning-containers,4206,GH_ISSUES,1
aws/deep-learning-containers,4176,GH_ISSUES,1
aws/deep-learning-containers,4175,GH_ISSUES,1
aws/deep-learning-containers,3118,GH_ISSUES,1
aws/deep-learning-containers,2849,GH_ISSUES,1
aws/deep-learning-containers,2711,GH_ISSUES,1
aws/deep-learning-containers,2625,GH_ISSUES,1
aws/deep-learning-containers,2363,GH_ISSUES,1
aws/deep-learning-containers,2264,GH_ISSUES,1
aws/deep-learning-containers,2234,GH_ISSUES,1
aws/deep-learning-containers,2145,GH_ISSUES,1
aws/deep-learning-containers,2108,GH_ISSUES,1
aws/deep-learning-containers,2083,GH_ISSUES,1
aws/deep-learning-containers,2058,GH_ISSUES,1
aws/deep-learning-containers,2054,GH_ISSUES,1
aws/deep-learning-containers,1982,GH_ISSUES,1
aws/deep-learning-containers,1932,GH_ISSUES,1
aws/deep-learning-containers,1331,GH_ISSUES,1
aws/deep-learning-containers,1241,GH_ISSUES,1
aws/deep-learning-containers,965,GH_ISSUES,1
aws/deep-learning-containers,811,GH_ISSUES,1
aws/deep-learning-containers,230,GH_ISSUES,1
aws/deep-learning-containers,228,GH_ISSUES,1
zhanghang1989/ResNeSt,179,GH_ISSUES,1
xinntao/Real-ESRGAN,627,GH_ISSUES,1
pyronear/pyro-vision,174,GH_ISSUES,1
THUDM/GLM,48,GH_ISSUES,1
CopilotKit/CopilotKit,667,GH_ISSUES,1
langchain-ai/langchain,21592,GH_ISSUES,1
langchain-ai/langchain,21464,GH_ISSUES,1
langchain-ai/langchain,19660,GH_ISSUES,1
langchain-ai/langchain,17112,GH_ISSUES,1
langchain-ai/langchain,14345,GH_ISSUES,1
langchain-ai/langchain,8092,GH_ISSUES,1
langchain-ai/langchain,7736,GH_ISSUES,1
langchain-ai/langchain,5294,GH_ISSUES,1
langchain-ai/langchain,4974,GH_ISSUES,1
huggingface/autotrain-advanced,848,GH_ISSUES,1
facebookresearch/SpanBERT,93,GH_ISSUES,1
bmaltais/kohya_ss,2663,GH_ISSUES,1
keras-team/keras-cv,2142,GH_ISSUES,1
keras-team/keras-cv,2141,GH_ISSUES,1
Sense-X/UniFormer,99,GH_ISSUES,1
gaussalgo/adaptor,29,GH_ISSUES,1
recognai/selectra,1,GH_ISSUES,1
CLUEbenchmark/CLUE,163,GH_ISSUES,1
ashwanitanwar/nmt-transfer-learning-xlm-r,4,GH_ISSUES,1
aws-samples/aws-ai-ml-workshop-kr,17,GH_ISSUES,1
open-mmlab/mmsegmentation,2423,GH_ISSUES,1
open-mmlab/mmpose,1751,GH_ISSUES,1
megagonlabs/coop,7,GH_ISSUES,1
lightonai/lairgpt,1,GH_ISSUES,1
google-research/mt-metrics-eval,7,GH_ISSUES,1
pixie-io/pixie,1895,GH_ISSUES,1
pixie-io/pixie,1235,GH_ISSUES,1
pixie-io/pixie,684,GH_ISSUES,1
mosaicml/composer,2007,GH_ISSUES,1
mosaicml/composer,1861,GH_ISSUES,1
openai/jukebox,270,GH_ISSUES,1
PaddlePaddle/PaddleOCR,13091,GH_ISSUES,1
onnx/models,557,GH_ISSUES,1
mudler/LocalAI,2538,GH_ISSUES,1
neonbjb/tortoise-tts,594,GH_ISSUES,1
neonbjb/tortoise-tts,592,GH_ISSUES,1
dingmyu/davit,9,GH_ISSUES,1
jcpeterson/openwebtext,39,GH_ISSUES,1
uclanlp/visualbert,40,GH_ISSUES,1
lhotse-speech/lhotse,939,GH_ISSUES,1
lhotse-speech/lhotse,872,GH_ISSUES,1
chat2db/Chat2DB,370,GH_ISSUES,1
google/mediapipe,3765,GH_ISSUES,1
mjpost/sacrebleu,223,GH_ISSUES,1
hpcaitech/ColossalAI,4386,GH_ISSUES,1
hpcaitech/ColossalAI,4329,GH_ISSUES,1
hpcaitech/ColossalAI,4314,GH_ISSUES,1
basketballandlearn/MRC_Competition_Dureader,50,GH_ISSUES,1
tensorflow/examples,428,GH_ISSUES,1
EPFL-VILAB/omnidata,24,GH_ISSUES,1
zhaoolee/ChineseBQB,154,GH_ISSUES,1
zhaoolee/ChineseBQB,153,GH_ISSUES,1
zhaoolee/ChineseBQB,152,GH_ISSUES,1
microsoft/autogen,4873,GH_ISSUES,1
wellcometrust/grants_tagger,231,GH_ISSUES,1
Rudrabha/Wav2Lip,552,GH_ISSUES,1
ThilinaRajapakse/simpletransformers,1481,GH_ISSUES,1
tensorflow/tensorflow,79955,GH_ISSUES,1
tensorflow/tensorflow,77843,GH_ISSUES,1
tensorflow/tensorflow,72282,GH_ISSUES,1
tensorflow/tensorflow,69799,GH_ISSUES,1
tensorflow/tensorflow,59225,GH_ISSUES,1
tensorflow/tensorflow,59164,GH_ISSUES,1
tensorflow/tensorflow,58341,GH_ISSUES,1
tensorflow/tensorflow,57563,GH_ISSUES,1
tensorflow/tensorflow,56060,GH_ISSUES,1
tensorflow/tensorflow,55772,GH_ISSUES,1
tensorflow/tensorflow,55132,GH_ISSUES,1
tensorflow/tensorflow,37082,GH_ISSUES,1
tensorflow/tensorflow,33064,GH_ISSUES,1
microsoft/botframework-cli,1388,GH_ISSUES,1
microsoft/botframework-cli,1379,GH_ISSUES,1
microsoft/botframework-cli,1376,GH_ISSUES,1
microsoft/botframework-cli,1375,GH_ISSUES,1
microsoft/botframework-cli,1374,GH_ISSUES,1
microsoft/botframework-cli,1372,GH_ISSUES,1
microsoft/botframework-cli,1371,GH_ISSUES,1
microsoft/botframework-cli,1370,GH_ISSUES,1
microsoft/botframework-cli,1369,GH_ISSUES,1
microsoft/botframework-cli,1368,GH_ISSUES,1
microsoft/botframework-cli,1367,GH_ISSUES,1
microsoft/botframework-cli,1365,GH_ISSUES,1
microsoft/botframework-cli,1364,GH_ISSUES,1
NVIDIA/TensorRT,2410,GH_ISSUES,1
Anjok07/ultimatevocalremovergui,869,GH_ISSUES,1
Anjok07/ultimatevocalremovergui,777,GH_ISSUES,1
Anjok07/ultimatevocalremovergui,682,GH_ISSUES,1
CompVis/taming-transformers,192,GH_ISSUES,1
jmorganca/ollama,8724,GH_ISSUES,1
jmorganca/ollama,8020,GH_ISSUES,1
jmorganca/ollama,5774,GH_ISSUES,1
jmorganca/ollama,5757,GH_ISSUES,1
neuralmagic/sparsify,146,GH_ISSUES,1
explosion/projects,153,GH_ISSUES,1
alibaba/AliceMind,59,GH_ISSUES,1
capreolus-ir/capreolus,207,GH_ISSUES,1
liujing04/Retrieval-based-Voice-Conversion-WebUI,2447,GH_ISSUES,1
sgl-project/sglang,3343,GH_ISSUES,1
google-research/bleurt,55,GH_ISSUES,1
meta-llama/llama-stack,41,GH_ISSUES,1
mymusise/CPM-TF2Transformer,3,GH_ISSUES,1
Maluuba/newsqa,42,GH_ISSUES,1
keras-team/keras-tuner,979,GH_ISSUES,1
vt-vl-lab/3d-photo-inpainting,209,GH_ISSUES,1
ArrowLuo/CLIP4Clip,91,GH_ISSUES,1
minimaxir/gpt-2-simple,305,GH_ISSUES,1
JohnGiorgi/DeCLUTR,261,GH_ISSUES,1
Sanster/lama-cleaner,334,GH_ISSUES,1
HSLCY/GlossBERT,12,GH_ISSUES,1
coqui-ai/STT,2318,GH_ISSUES,1
ultralytics/yolov3,1672,GH_ISSUES,1
danielgatis/rembg,657,GH_ISSUES,1
LibreTranslate/LibreTranslate,287,GH_ISSUES,1
EPFL-VILAB/omnidata-tools,24,GH_ISSUES,1
antoiloui/netbert,5,GH_ISSUES,1
crscardellino/sbwce,2,GH_ISSUES,1
ricsinaruto/gutenberg-dialog,7,GH_ISSUES,1
infiniflow/ragflow,2864,GH_ISSUES,1
NVIDIA/FasterTransformer,372,GH_ISSUES,1
triton-lang/triton,489,GH_ISSUES,1
HazyResearch/state-spaces,78,GH_ISSUES,1
TsinghuaAI/CPM-Generate,78,GH_ISSUES,1
google-ai-edge/mediapipe,3765,GH_ISSUES,1
aws-samples/aws-healthcare-lifescience-ai-ml-sample-notebooks,55,GH_ISSUES,1
commaai/openpilot,25944,GH_ISSUES,1
stanfordnlp/glove,192,GH_ISSUES,1
pandas-dev/pandas,60657,GH_ISSUES,1
pandas-dev/pandas,60602,GH_ISSUES,1
pandas-dev/pandas,59613,GH_ISSUES,1
pandas-dev/pandas,54036,GH_ISSUES,1
pandas-dev/pandas,48049,GH_ISSUES,1
pandas-dev/pandas,36256,GH_ISSUES,1
matterport/Mask_RCNN,2913,GH_ISSUES,1
matterport/Mask_RCNN,2905,GH_ISSUES,1
pjreddie/darknet,959,GH_ISSUES,1
xorbitsai/inference,1674,GH_ISSUES,1
xorbitsai/inference,1651,GH_ISSUES,1
jantic/DeOldify,480,GH_ISSUES,1
jantic/DeOldify,436,GH_ISSUES,1
daekeun-ml/sm-kornlp-usecases,1,GH_ISSUES,1
langchain-ai/langchain,12276,GH_ISSUES,0
DeepGraphLearning/ULTRA,24,GH_ISSUES,0
tracel-ai/burn,2408,GH_ISSUES,0
sweepai/sweep,982,GH_ISSUES,0
AntonOsika/gpt-engineer,1011,GH_ISSUES,0
facebook/react,26028,GH_ISSUES,0